<?xml version="1.0" encoding="UTF-8"?>
<project-private xmlns="http://www.netbeans.org/ns/project-private/1">
    <editor-bookmarks xmlns="http://www.netbeans.org/ns/editor-bookmarks/2" lastBookmarkId="1"/>
    <open-files xmlns="http://www.netbeans.org/ns/projectui-open-files/2">
        <group>
            <file>file:/C:/Users/frank/Documents/NetBeansProjects/Petrillo_web/web/index.html</file>
            <file>file:/C:/Users/frank/Documents/NetBeansProjects/Petrillo_web/web/js/components/users.js</file>
            <file>file:/C:/Users/frank/Documents/NetBeansProjects/Petrillo_web/web/json/users.json</file>
            <file>file:/C:/Users/frank/Documents/NetBeansProjects/Petrillo_web/web/js/reusable/MakeClickSort.js</file>
        </group>
    </open-files>
</project-private>
